Unique ID,Thread ID,Sender Name,Sender Department,Recipient Name(s),Recipient Department(s),Date/Time Sent,Message Subject,Message Body,Attachments
MEC-EM0001,MEC-EM0001,Elena Martinez,Accounting Operations,Robert Chen|Thomas Gallagher|Yuki Tanaka,Accounting Operations|Accounting Operations|Accounting Operations,2026-01-28 8:15:00,January 2026 Month-End Close Kickoff,"Team,\n\nKicking off the January 2026 close. The close calendar, task assignments, and key milestones are attached. A few things to note this month:\n\n- Final day for January activity is Friday 1/30. All sub-ledger postings need to be locked by COB on BD01 (2/2).\n- We had two carry-over items from December: the APAC lease modification reclass and the EMEA intercompany timing difference on the consulting agreement. Both need to be resolved by BD02 at the latest.\n- The board package is due to Amanda by BD10 this month, one day earlier than usual.\n\nI will hold a 15-minute alignment call at 9:00 AM ET today with regional close leads. Thomas and Yuki, please confirm you can join.\n\nElena",Jan_2026_Close_Calendar.xlsx|Close_Task_Assignments_Jan2026.pdf
MEC-EM0001-001,MEC-EM0001,Thomas Gallagher,Accounting Operations,Elena Martinez|Robert Chen|Yuki Tanaka,Accounting Operations|Accounting Operations|Accounting Operations,2026-01-28 8:42:00,RE: January 2026 Month-End Close Kickoff,"Elena,\n\nConfirmed for the 9 AM call. One flag from our side: the UK entity has a bank holiday on Monday 2/2, so our BD01 posting window is effectively one day shorter. Samuel and I have already shifted our EMEA sub-ledger timeline forward by half a day to compensate. I will walk through the adjusted schedule on the call.\n\nThomas",
MEC-EM0001-002,MEC-EM0001,Yuki Tanaka,Accounting Operations,Elena Martinez|Robert Chen|Thomas Gallagher,Accounting Operations|Accounting Operations|Accounting Operations,2026-01-28 20:05:00,RE: RE: January 2026 Month-End Close Kickoff,"Elena,\n\nApologies I could not join the call live due to the time difference. I reviewed the recording and the calendar. APAC is aligned on all milestones. The lease modification reclass from December is already drafted and will post on BD01 once Nguyen Thi Mai completes her review.\n\nOne item to flag: our India entity controller mentioned that the statutory auditors have requested certain schedules by February 10, which overlaps with our BD07 deliverables. I will manage the sequencing on our end but wanted you to be aware in case it affects the consolidation timeline.\n\nYuki",
MEC-EM0007,MEC-EM0007,Anthony Rivera,Accounts Payable (AP),Heather Walsh|Anya Petrova|Wei Zhang,Accounts Payable (AP)|Accounts Payable (AP)|Accounts Payable (AP),2026-01-28 9:00:00,January AP Cutoff Notice - Ready to Send,"Heather,\n\nThe January AP cutoff notice is drafted and ready for distribution. Cutoff for invoice submissions is Thursday 1/29 at 5:00 PM local time for each region. Rush submissions will be accepted through Friday 1/30 at noon ET with director-level approval.\n\nAnya, Wei - your localized versions should go out within the hour once Heather approves. Anya, please confirm the EMEA vendor list has been updated to include the three new suppliers we onboarded in December.\n\nAnthony",AP_Cutoff_Notice_Jan2026_Draft.pdf
MEC-EM0007-001,MEC-EM0007,Heather Walsh,Accounts Payable (AP),Anthony Rivera,Accounts Payable (AP),2026-01-28 9:20:00,RE: January AP Cutoff Notice - Ready to Send,"Anthony,\n\nApproved. Go ahead and send. Make sure the rush submission instructions are clear - last month we had two budget owners submit after the rush window and argue they did not see the deadline.\n\nHeather",
MEC-EM0007-002,MEC-EM0007,Anya Petrova,Accounts Payable (AP),Anthony Rivera|Heather Walsh,Accounts Payable (AP)|Accounts Payable (AP),2026-01-28 10:15:00,RE: RE: January AP Cutoff Notice - Ready to Send,"Anthony,\n\nEMEA notice sent. The vendor list has been updated with all three new suppliers from December. I also added a reminder about the EUR wire transfer lead time since we had a late payment issue last month with the Frankfurt logistics vendor.\n\nAnya",
MEC-EM0009,MEC-EM0009,Steven Price,Payroll & Benefits,Melissa Carter|Oliver Konig|Min-Ji Park,Payroll & Benefits|Payroll & Benefits|Payroll & Benefits,2026-01-28 13:30:00,Payroll Cutoff Reminders Sent - All Regions,"Melissa,\n\nUS payroll cutoff reminder has been sent to all HR business partners and department managers. Deadline for time corrections and bonus approvals is tomorrow (1/29) at 5:00 PM ET. New hire paperwork and termination processing must be finalized by the same deadline.\n\nRachel sent the parallel benefits enrollment reminder covering any changes that need to be captured before period end.\n\nOliver, Min-Ji - please confirm your regional reminders are out.\n\nSteven",
MEC-EM0009-001,MEC-EM0009,Oliver Konig,Payroll & Benefits,Steven Price|Melissa Carter,Payroll & Benefits|Payroll & Benefits,2026-01-28 14:45:00,RE: Payroll Cutoff Reminders Sent - All Regions,"Steven,\n\nEMEA reminders sent. Our cutoff is slightly earlier than US due to the UK bank holiday on Monday. I have set the EMEA deadline for Thursday 1/29 at 4:00 PM GMT to give us a buffer for any late submissions before the long weekend.\n\nOne flag: the Germany entity has a new works council agreement that changes the overtime calculation method starting this month. I have updated the template but want Melissa to review before we run the accrual.\n\nOliver",
MEC-EM0009-002,MEC-EM0009,Min-Ji Park,Payroll & Benefits,Steven Price|Melissa Carter,Payroll & Benefits|Payroll & Benefits,2026-01-28 23:10:00,RE: RE: Payroll Cutoff Reminders Sent - All Regions,"Steven,\n\nAPAC reminders sent to all regional HR contacts. Singapore and Australia are straightforward this month. For India, I am following up with the local HR team on a batch of contractor-to-employee conversions that need to be reflected in the January payroll. I expect the final headcount confirmation by tomorrow morning APAC time.\n\nMin-Ji",
MEC-EM0012,MEC-EM0012,Robert Chen,Accounting Operations,Elena Martinez|Mei Lin|Christopher Hayes,Accounting Operations|Accounting Operations|Accounting Operations,2026-01-28 11:00:00,North America Data Coordination - January Pre-Close,"Elena,\n\nNorth America data coordination is underway. I have confirmed the following status with our US entity teams:\n\n- Mei Lin has pulled the preliminary GL extract and is running sanity checks now\n- Christopher is reviewing the accrual schedules from December for any items that need to roll forward or reverse\n- Jason Miller is starting the cash position snapshot work and expects a draft by end of day\n\nThe Canada entity data is on track. Their controller sent the preliminary package this morning and I do not see any flags.\n\nRobert",
MEC-EM0020,MEC-EM0020,Fatima Ali,Accounting Operations,Robert Chen,Accounting Operations,2026-01-29 13:00:00,Revenue Contract Review - January Period Allocation,"Robert,\n\nI have completed the review of open revenue contracts for January period allocation. The population includes 34 active contracts with revenue recognition implications for this period.\n\nKey items:\n- TechWave Industries: Contract modification executed 1/15. The mod adds $1.2M in professional services over 6 months. Under ASC 606, this is a prospective treatment since the remaining performance obligations are distinct. January allocation is $200K.\n- Apex Partners: Multi-element arrangement with hardware, software, and support. Stand-alone selling prices have been updated this quarter. Total contract value is $3.4M. January recognition is $340K for the hardware component (shipped 1/20) and $85K for the first month of the software subscription.\n- Pinnacle Corp: Variable consideration adjustment. Quarterly rebate threshold was met in January, triggering a $165K catch-up that should be recognized this month.\n\nAll supporting schedules are attached.\n\nFatima",Revenue_Contract_Review_Jan2026.xlsx|ASC606_Allocation_Schedules.pdf
MEC-EM0020-001,MEC-EM0020,Robert Chen,Accounting Operations,Fatima Ali,Accounting Operations,2026-01-29 13:30:00,RE: Revenue Contract Review - January Period Allocation,"Fatima,\n\nGood work. The Pinnacle variable consideration catch-up needs to be reviewed by James Porter or his team before we book it. Variable consideration adjustments over $100K require technical accounting sign-off per our policy. Can you send the support to James today so we do not hold up the BD01 posting?\n\nThe TechWave and Apex items look straightforward. Proceed with the standard recognition entries for those.\n\nRobert",
MEC-EM0021,MEC-EM0021,Steven Price,Payroll & Benefits,Melissa Carter|Tyler Jackson,Payroll & Benefits|Payroll & Benefits,2026-01-29 14:00:00,Payroll Pre-Close Validation - January,"Melissa,\n\nUS payroll pre-close validation is in progress. Tyler and I have been reconciling the SuccessFactors data against the payroll input files. So far:\n\n- Headcount reconciliation: 1,247 active employees in SuccessFactors vs. 1,247 in the payroll system. Clean match.\n- Overtime hours: we identified a $14K discrepancy between the time tracking system and the payroll file for the manufacturing group. This looks similar to the integration issue we saw in November where the system drops overtime entries that span a pay period boundary.\n- Bonus approvals: 8 of 11 approved bonuses have been loaded. The remaining 3 are pending HR confirmation.\n\nTyler is working through the overtime issue now.\n\nSteven",
MEC-EM0021-001,MEC-EM0021,Melissa Carter,Payroll & Benefits,Steven Price,Payroll & Benefits,2026-01-29 14:30:00,RE: Payroll Pre-Close Validation - January,"Steven,\n\nThe overtime discrepancy - is this the same type of issue we saw in November? If so, I want to flag it to Kevin O'Donnell as a potential system integration issue between the time tracking platform and the payroll system. We should not be catching this manually every month.\n\nOtherwise, the numbers look solid. I will wait for the EMEA and APAC confirmations before reporting final status to Elena.\n\nMelissa",
MEC-EM0028,MEC-EM0028,Noah Simmons,Accounts Receivable (AR),David Lawson|Olivia Chen,Accounts Receivable (AR)|Accounts Receivable (AR),2026-01-30 15:45:00,Missed Billing Cutoff - Orion Analytics Contract,"David,\n\nThe Orion Analytics contract ($680K annual, first billing of $170K) missed the 3:00 PM cutoff. Legal finalized the contract approvals at 2:47 PM but the billing setup requires a new customer master record, pricing configuration, and tax setup, which cannot be completed in 13 minutes.\n\nThe services under this contract started on January 15, so there is a legitimate argument that revenue should be recognized in January even though the invoice will not be generated until February. I wanted to flag this for your direction on how to handle the revenue side.\n\nNoah",
MEC-EM0028-001,MEC-EM0028,David Lawson,Accounts Receivable (AR),Noah Simmons|Olivia Chen|Fatima Ali,Accounts Receivable (AR)|Accounts Receivable (AR)|Accounting Operations,2026-01-30 16:15:00,RE: Missed Billing Cutoff - Orion Analytics Contract,"Noah,\n\nDefer the invoice to February. There is no getting around the operational cutoff.\n\nHowever, the revenue recognition question is separate from the billing timing. Fatima, I need you to assess whether revenue can still be recognized in January based on the performance obligations satisfied during the month. If the service start date was 1/15 and services were delivered through month-end, we may have earned half a month's revenue regardless of the billing delay. Pull the contract terms and let me know by BD01.\n\nDavid",
MEC-EM0038,MEC-EM0038,Elena Martinez,Accounting Operations,Robert Chen|Heather Walsh|David Lawson|Melissa Carter|Mark Feldman|Karen Wallace|James Porter|Priya Nair,Accounting Operations|Accounts Payable (AP)|Accounts Receivable (AR)|Payroll & Benefits|Compliance|Tax|External Reporting|Finance,2026-01-30 17:00:00,January 2026 Close Checklist - BD01 Readiness,"All,\n\nAttached is the updated close checklist reflecting pre-close status. All BD-3 through BD-1 tasks are complete or on track. A few items to be aware of heading into BD01:\n\n- AP: Three late invoices ($240K) are being accrued under the rush exception. Distribution list issue has been corrected.\n- AR: The Orion Analytics billing missed cutoff. Fatima Ali is assessing revenue recognition separately from billing timing.\n- Payroll: A $175K late bonus accrual will be booked as a manual entry outside the standard payroll journal.\n- ERP: SAP period configuration error for DE01/DE02 was corrected. Control finding logged.\n- APAC: India account mapping bridge is in place for 15 accounts. Top-side adjustment may be needed at consolidation.\n\nBD01 activities begin Monday 2/2. The late JE cutoff is 6:00 PM ET per the corrected calendar. Please have your teams ready to post by 8:00 AM.\n\nElena",Close_Checklist_Jan2026_BD01_Ready.xlsx
MEC-EM0040,MEC-EM0040,Kevin O'Donnell,Accounting Operations,Robert Chen|Elena Martinez,Accounting Operations|Accounting Operations,2026-02-02 9:30:00,CRITICAL - Duplicate Records in AP Interface Load,"Robert, Elena,\n\nThe overnight AP interface batch loaded duplicate records for a subset of transactions. The batch file from the procurement system contained 214 invoice line items, but 38 of those were duplicated, inflating the AP sub-ledger by $347K.\n\nI have confirmed the duplicates by matching document numbers. The root cause appears to be a retry logic error in the procurement system's outbound file generation. IT has been notified.\n\nI need direction on next steps. If anyone has already started posting downstream entries against the inflated AP balance, we could have a cascading problem.\n\nKevin",
MEC-EM0040-001,MEC-EM0040,Elena Martinez,Accounting Operations,Kevin O'Donnell|Robert Chen|Anthony Rivera,Accounting Operations|Accounting Operations|Accounts Payable (AP),2026-02-02 9:50:00,RE: CRITICAL - Duplicate Records in AP Interface Load,"Kevin,\n\nSuspend all dependent AP processing immediately until this is cleaned up. Anthony, hold your team from posting final AP sub-ledger entries until Kevin confirms the reversal is complete.\n\nKevin, reverse the entire duplicate batch. Then have IT validate the procurement interface and rerun it with the corrected logic. I want confirmation that the rerun file matches the expected 214 line items exactly before you reload.\n\nPreserve the original batch file and the corrected version as evidence. Jasmine Lee will need both for the SOX control documentation.\n\nElena",
MEC-EM0040-002,MEC-EM0040,Kevin O'Donnell,Accounting Operations,Elena Martinez|Robert Chen|Anthony Rivera,Accounting Operations|Accounting Operations|Accounts Payable (AP),2026-02-02 11:15:00,RE: RE: CRITICAL - Duplicate Records in AP Interface Load,"Elena,\n\nDuplicate batch has been reversed. IT corrected the retry logic and reran the interface. The corrected file contains exactly 214 line items matching the procurement system source. I have validated the totals and the reload is complete.\n\nAnthony, your team is clear to resume AP processing. The AP sub-ledger balance is now correct.\n\nI have saved both the original and corrected batch files in the close evidence folder. I will also prepare an RCA memo for Jasmine.\n\nKevin",
MEC-EM0049,MEC-EM0049,Emily Johnson,Accounting Operations,Robert Chen,Accounting Operations,2026-02-02 13:00:00,Fixed Asset Depreciation Run - January 2026,"Robert,\n\nDepreciation run is complete for all entities. Total depreciation expense for January: $1.28M.\n\nBreakdown by category:\n- Buildings and improvements: $340K\n- Lab and manufacturing equipment: $485K\n- IT hardware and infrastructure: $310K\n- Office furniture and fixtures: $92K\n- Vehicles: $53K\n\nThe Austin lab equipment ($185K addition) is depreciating correctly at the 7-year useful life per the capex approval. I double-checked the asset class assignment as you requested.\n\nNo anomalies in the run. The fully depreciated Japan IT equipment disposal has been processed with zero gain/loss.\n\nEmily",Depreciation_Schedule_Jan2026.xlsx
MEC-EM0051,MEC-EM0051,Mei Lin,Accounting Operations,Robert Chen,Accounting Operations,2026-02-02 14:30:00,Intangible Asset Amortization - January Posted,"Robert,\n\nIntangible asset amortization entries are posted for January. Total amortization: $215K.\n\n- Customer relationships (from the 2023 acquisition): $95K\n- Developed technology: $72K\n- Trade names: $28K\n- Patents: $20K\n\nAll schedules are consistent with the amortization tables approved at the time of acquisition. No impairment indicators identified this month. The remaining useful life analysis is on track for the BD04 goodwill and intangible impairment review.\n\nMei Lin",
MEC-EM0054,MEC-EM0054,Fatima Ali,Accounting Operations,Robert Chen|James Porter,Accounting Operations|External Reporting,2026-02-02 16:30:00,Revenue Engine Exception - ClearPath Systems Contract Amendment,"Robert, James,\n\nThe revenue recognition engine generated an exception for the ClearPath Systems contract. They signed an amendment on January 8 that added implementation services to an existing software license. The engine treated the amendment as a prospective modification, but based on my review, the new services are not distinct from the original license. Under ASC 606-10-25-13, this should be a cumulative catch-up adjustment.\n\nThe prospective treatment recognized $45K in January. The cumulative catch-up treatment would recognize $112K (reflecting the reallocation of total consideration across all remaining performance obligations from contract inception). The difference is $67K.\n\nJames, I need a technical accounting determination on this. My analysis supports the cumulative catch-up, but the contract language is ambiguous on whether the implementation services can function independently.\n\nFatima",
MEC-EM0054-001,MEC-EM0054,James Porter,External Reporting,Fatima Ali|Robert Chen,Accounting Operations|Accounting Operations,2026-02-02 17:15:00,RE: Revenue Engine Exception - ClearPath Systems Contract Amendment,"Fatima,\n\nI reviewed the amendment and the original contract. You are correct that the cumulative catch-up treatment applies here. The implementation services require access to the proprietary software platform and cannot function independently, which means the added services are not distinct.\n\nOverride the engine output for ClearPath and book the manual true-up of $67K. Please prepare a technical accounting memo documenting the analysis under ASC 606-10-25-12 through 25-13. I will countersign it.\n\nAlso, Fatima, can you submit a rule change request to Kevin so the engine handles this pattern correctly in future periods? We should not be catching this manually for every similar amendment.\n\nJames",
MEC-EM0054-002,MEC-EM0054,Fatima Ali,Accounting Operations,Robert Chen|James Porter,Accounting Operations|External Reporting,2026-02-02 17:45:00,RE: RE: Revenue Engine Exception - ClearPath Systems Contract Amendment,"Robert, James,\n\nManual true-up of $67K posted. Technical accounting memo is attached. I will send the rule change request to Kevin tomorrow.\n\nOn the Orion Analytics question from David Lawson: I have completed my assessment. The contract service start date was January 15, and performance obligations are satisfied over time. We can recognize half a month of revenue ($85K) in January even though the invoice will not be generated until February. I will post the revenue accrual and send David the support.\n\nFatima",ClearPath_TechAccounting_Memo_ASC606.pdf
MEC-EM0060,MEC-EM0060,Robert Chen,Accounting Operations,Christopher Hayes,Accounting Operations,2026-02-03 10:30:00,SBC Forfeiture Assumptions - Version Verification,"Christopher,\n\nQuick follow-up. Can you confirm which version of the forfeiture file you used? Melissa Carter mentioned that HR issued a revised file on Friday that reflects the January terminations (the two voluntary terms and one retirement from Steven's headcount report). The file you received last week would not have included those.\n\nThe difference is probably small for three departures, but I want to make sure we are using the most current data.\n\nRobert",
MEC-EM0060-001,MEC-EM0060,Christopher Hayes,Accounting Operations,Robert Chen,Accounting Operations,2026-02-03 10:50:00,RE: SBC Forfeiture Assumptions - Version Verification,"Robert,\n\nYou are right. I used the file dated 1/23, not the revised one from 1/30. I just pulled the updated version and reran the calculation. The impact of the three additional departures is an $8K decrease in SBC expense. That is below our posting threshold, but since you flagged it, I will adjust and repost.\n\nUpdated total: $420K.\n\nChristopher",
MEC-EM0066,MEC-EM0066,Robert Chen,Accounting Operations,Elena Martinez|Kevin O'Donnell,Accounting Operations|Accounting Operations,2026-02-03 14:00:00,FX Revaluation - January Month-End Rates Applied,"Elena,\n\nFX revaluation is complete for January. Kevin loaded the month-end rates from the treasury management system this morning and I ran the revaluation across all entities.\n\nNet FX gain/(loss) for the month: ($142K), primarily driven by:\n- GBP weakness against USD: ($85K) on UK receivables and cash balances\n- EUR strengthening: $47K favorable on German payables\n- JPY depreciation: ($78K) on Japan cash and receivables\n- INR and SGD: ($26K) combined\n\nThe revaluation entries are posted to the FX gain/loss account (6800-000). The $48K residual IC difference that Lauren flagged has washed through as expected.\n\nKevin, please confirm the rate table matches the published close rates.\n\nRobert",
MEC-EM0066-001,MEC-EM0066,Kevin O'Donnell,Accounting Operations,Robert Chen|Elena Martinez,Accounting Operations|Accounting Operations,2026-02-03 14:20:00,RE: FX Revaluation - January Month-End Rates Applied,"Robert,\n\nConfirmed. The SAP rate table matches the treasury management system rates for all 8 currency pairs. No discrepancies.\n\nKevin",
MEC-EM0071,MEC-EM0071,Sophia Nguyen,Accounts Payable (AP),Anthony Rivera|Heather Walsh,Accounts Payable (AP)|Accounts Payable (AP),2026-02-03 11:30:00,GR/IR Review - Aged Unmatched Receipts Over $50K,"Anthony, Heather,\n\nDuring the GR/IR detail review, I found a population of aged unmatched receipts that are not part of the standard GRNI accrual. These are goods receipt entries from November and December where we received the goods but have never received an invoice.\n\nTotal population: $215K across 9 POs. Three of the POs ($145K combined) are for IT hardware that was received in November. The vendor (TechSupply Global) is not responding to our outreach. The remaining 6 POs ($70K) are for various services where invoices are simply late.\n\nShould we accrue the full $215K, or apply a threshold?\n\nSophia",
MEC-EM0071-001,MEC-EM0071,Heather Walsh,Accounts Payable (AP),Sophia Nguyen|Anthony Rivera|Elena Martinez,Accounts Payable (AP)|Accounts Payable (AP)|Accounting Operations,2026-02-03 12:00:00,RE: GR/IR Review - Aged Unmatched Receipts Over $50K,"Sophia,\n\nAccrue the full $215K. We have goods receipts confirming delivery, which gives us sufficient evidence that we owe the money regardless of invoice timing.\n\nFor TechSupply Global specifically, the $145K is significant and the lack of invoice for two months is unusual. Anthony, please have procurement reach out through their vendor management contact. If we still have not received an invoice by next close, we may need to re-examine whether the PO terms are enforceable.\n\nFor the other 6 POs, accrue at receipt value and leave them in the aged population for monitoring.\n\nHeather",
MEC-EM0073,MEC-EM0073,Christopher Hayes,Accounting Operations,Robert Chen,Accounting Operations,2026-02-03 14:00:00,General Operating Accruals - January Posted,"Robert,\n\nGeneral operating accruals for January are posted. Total: $680K.\n\nMajor items:\n- Professional services accrual (legal, audit, consulting): $285K\n- Facilities and maintenance accrual: $142K\n- Marketing program accruals: $95K\n- IT services and licensing accruals: $88K\n- Other operating accruals: $70K\n\nThe professional services accrual includes $125K for the external audit fee estimate. I used the engagement letter amount prorated for the month, consistent with our methodology.\n\nAll accruals are supported by underlying contracts, purchase orders, or budget owner confirmations.\n\nChristopher",
MEC-EM0078,MEC-EM0078,Sophia Nguyen,Accounts Payable (AP),Anthony Rivera|Robert Chen,Accounts Payable (AP)|Accounting Operations,2026-02-04 11:30:00,AP Recon Finding - Direct GL Posting to Control Account,"Anthony, Robert,\n\nDuring the AP reconciliation, I found a $38K entry posted directly to the AP control account in the GL that did not originate from the AP sub-ledger. The entry was posted by a member of the general accounting team as a manual accrual for a vendor settlement.\n\nThe economics appear to be correct (it is a legitimate vendor obligation), but posting directly to the control account bypasses the sub-ledger and makes the reconciliation unreliable. If I had not caught it, the AP sub-ledger would have been $38K short of the GL.\n\nHow do you want to handle this?\n\nSophia",
MEC-EM0078-001,MEC-EM0078,Robert Chen,Accounting Operations,Sophia Nguyen|Anthony Rivera,Accounts Payable (AP)|Accounts Payable (AP),2026-02-04 12:00:00,RE: AP Recon Finding - Direct GL Posting to Control Account,"Sophia,\n\nReverse the direct GL posting. Then have the general accounting team rebook the vendor settlement through the AP sub-ledger using the proper invoice or accrual workflow. If the sub-ledger cannot accommodate the entry type (which it should for an accrual), then record it as a clearly documented reconciling item with my approval.\n\nThe control account should only be touched through the sub-ledger. I am going to reinforce this with the team.\n\nRobert",
MEC-EM0111,MEC-EM0111,Fatima Ali,Accounting Operations,Robert Chen|Priya Nair,Accounting Operations|Finance,2026-02-06 15:30:00,Segment Reporting Data - January 2026,"Robert, Priya,\n\nSegment reporting data for January is prepared:\n\n- Americas segment: Revenue $26.2M, Operating income $5.8M (margin 22.1%)\n- EMEA segment: Revenue $8.1M, Operating income $1.2M (margin 14.8%)\n- APAC segment: Revenue $4.2M, Operating income $0.3M (margin 7.1%)\n\nAPAC margin is lower than usual due to the India restructuring charge ($195K) being allocated to that segment. Excluding the charge, APAC margin would be 11.7%, which is in line with plan.\n\nThe segment allocations are consistent with our allocation methodology and tie to the consolidated results.\n\nFatima",
MEC-EM0128,MEC-EM0128,Mia Foster,External Reporting,Hannah Sinclair|James Porter,External Reporting|External Reporting,2026-02-11 10:30:00,Non-GAAP Reconciliation - January Adjustments,"Hannah, James,\n\nDraft non-GAAP reconciliation for January:\n\nGAAP operating income: $7.30M\n\nAdjustments:\n- SBC expense: +$420K\n- Amortization of acquired intangibles: +$215K\n- India restructuring charge: +$195K\n\nNon-GAAP operating income: $8.13M (21.1% non-GAAP operating margin)\n\nI have not included the QuantumEdge bad debt reserve as a non-GAAP adjustment. While it is specific to one customer, bad debt expense is a recurring operating cost and excluding it would not meet our policy criteria for non-GAAP treatment.\n\nThe restructuring charge is the one I want to confirm. Hannah's question from BD06 about whether it qualifies: my view is yes, it meets our policy definition of a non-recurring charge related to a discrete business reorganization.\n\nMia",
MEC-EM0128-001,MEC-EM0128,James Porter,External Reporting,Mia Foster|Hannah Sinclair,External Reporting|External Reporting,2026-02-11 11:30:00,RE: Non-GAAP Reconciliation - January Adjustments,"Mia,\n\nI agree on both points. The restructuring charge qualifies as a non-GAAP adjustment under our policy. The QuantumEdge reserve does not, and I am glad you did not include it. Excluding individual bad debt charges is a slippery slope.\n\nProceed with the reconciliation as drafted.\n\nJames",
MEC-EM0147,MEC-EM0147,Elena Martinez,Accounting Operations,Robert Chen|Priya Nair,Accounting Operations|Finance,2026-02-16 9:00:00,January Close Retrospective Preparation,"Robert, Priya,\n\nI am preparing the January close retrospective for the BD12 meeting. I need both of you to send me your input by end of day:\n\nRobert: Close execution summary. What went well, what did not, specific process breakdowns, and recommended fixes. I know the SAP issues and the AP interface incident are top of mind, but I also want your view on the overall posting workflow efficiency.\n\nPriya: Close metrics comparison vs. the prior three months. Trend analysis on cycle time, adjustment volume, and control exceptions. I want to see whether the January exception count (4) is an outlier or part of a pattern.\n\nThe retrospective meeting is scheduled for tomorrow at 10:00 AM ET.\n\nElena",
MEC-EM0147-001,MEC-EM0147,Robert Chen,Accounting Operations,Elena Martinez,Accounting Operations,2026-02-16 14:00:00,RE: January Close Retrospective Preparation,"Elena,\n\nHere is my input:\n\nWhat went well:\n- All posting deadlines met despite the BD01 interface disruption\n- IC reconciliation was the cleanest in 6 months (Lauren's process improvements are paying off)\n- Regional coordination was strong, particularly APAC (India complexity was managed effectively)\n- Revenue recognition engine exceptions were resolved same-day with technical accounting support\n\nWhat needs improvement:\n- SAP configuration management. Two incidents (period config, approval routing) both trace to inadequate change management. Kevin has remediation plans for both.\n- AP interface reliability. The duplicate batch issue cost us 2 hours on BD01.\n- Benefits rate update process. The fact that we entered the year with stale rates is a planning failure.\n- New entity onboarding. BangaTech LLP should have been on the tax schedule before the close started.\n\nRecommendations:\n- Add a January-specific pre-close checklist for year-start items (benefit rates, tax rate updates, new entity verification)\n- Implement duplicate detection logic in the AP interface (Kevin and IT are working on this)\n- Require SAP configuration changes to go through a formal change ticket, even for routine period operations\n\nRobert",
MEC-EM0157,MEC-EM0157,Noah Simmons,Accounts Receivable (AR),David Lawson|Fatima Ali,Accounts Receivable (AR)|Accounting Operations,2026-01-30 13:00:00,Credit Memo Requests - Cutoff Concern,"David, Fatima,\n\nFour credit memo requests came in this morning totaling $145K:\n\n1. MeridianTech: $62K for a feature downgrade. Approval from sales director, support documentation complete.\n2. CloudBridge: $38K for a service level penalty. Approval from ops VP, SLA report attached.\n3. NexGen Corp: $28K for contract price adjustment. Approval from sales manager only (below the $50K threshold that requires director sign-off).\n4. Horizon Partners: $17K for a duplicate billing correction. Documentation looks thin. No formal approval, just an email from the account manager.\n\nItems 1-3 have sufficient support. Item 4 concerns me. There is no evidence of the duplicate billing in the system, and the account manager's email does not explain the basis.\n\nDavid, how do you want me to handle Item 4?\n\nNoah",
MEC-EM0157-001,MEC-EM0157,David Lawson,Accounts Receivable (AR),Noah Simmons|Fatima Ali,Accounts Receivable (AR)|Accounting Operations,2026-01-30 13:30:00,RE: Credit Memo Requests - Cutoff Concern,"Noah,\n\nProcess items 1-3 in January. They have proper approvals and documentation.\n\nHold item 4 (Horizon Partners $17K). Do not process it until we have evidence of the duplicate billing and a proper approval. If the account manager cannot substantiate the claim by BD02, defer it to February and let the AR team investigate.\n\nWe are not issuing credit memos based on unsupported requests, regardless of the amount.\n\nDavid",
MEC-EM0158,MEC-EM0158,Fatima Ali,Accounting Operations,Robert Chen|James Porter,Accounting Operations|External Reporting,2026-02-02 18:00:00,Revenue Deferral Error - Billing System Date Mapping,"Robert, James,\n\nDuring my deferred revenue reconciliation, I discovered that the billing system is pulling the wrong service start date for a subset of contracts. The system is using the contract execution date rather than the service commencement date for the deferral schedule.\n\nFor 8 contracts, the service commencement date is 15 to 30 days after the execution date. The result is that revenue is being recognized earlier than it should be. The cumulative overstatement in January is approximately $54K.\n\nI can post a manual deferral correction to reverse the $54K and establish the correct recognition schedule going forward. But the source system mapping needs to be fixed to prevent this from recurring.\n\nRobert",
MEC-EM0158-001,MEC-EM0158,Robert Chen,Accounting Operations,Fatima Ali|James Porter|Kevin O'Donnell,Accounting Operations|External Reporting|Accounting Operations,2026-02-02 18:20:00,RE: Revenue Deferral Error - Billing System Date Mapping,"Fatima,\n\nBook the $54K manual deferral correction in January. Revenue should be recognized based on the actual service delivery period, not the contract execution date.\n\nKevin, add the billing system date mapping fix to the IT remediation queue. Fatima, also add a reasonableness test to your monthly revenue review that compares recognized revenue per contract to the expected recognition based on contract term profiles. That would have caught this pattern earlier.\n\nJames, heads up that this is a similar issue to the ClearPath engine exception, just in the other direction. The billing system and the revenue engine are not always aligned on dates.\n\nRobert",
MEC-EM0159,MEC-EM0159,Daniel Brooks,Finance,Priya Nair|Kevin O'Donnell,Finance|Accounting Operations,2026-02-06 15:00:00,Cash Flow Statement Mapping Error - Contract Asset Account,"Priya, Kevin,\n\nThe draft cash flow statement does not tie to the balance sheet. The $85K contract asset for Orion Analytics was booked to a new GL account (1425-000) that is not in the cash flow mapping template. The system treated it as an unmapped item and excluded it from the cash flow statement entirely.\n\nThe cash flow statement shows total assets decreasing by $85K less than the balance sheet indicates, which breaks the tie-out.\n\nI need to add this account to the cash flow mapping. The correct classification is ""Operating Activities - Changes in operating assets"" (increase in contract assets). The fix is straightforward but it means the statements I generated this morning need to be regenerated.\n\nDaniel",
MEC-EM0159-001,MEC-EM0159,Priya Nair,Finance,Daniel Brooks|Kevin O'Donnell,Finance|Accounting Operations,2026-02-06 15:30:00,RE: Cash Flow Statement Mapping Error - Contract Asset Account,"Daniel,\n\nCorrect the mapping and regenerate the statements. The cash flow needs to tie before we distribute the management package.\n\nKevin, can we add a control so that any time a new GL account is created, the cash flow mapping is reviewed and updated before the next close? This is the kind of thing that should be caught at account setup, not during the reporting phase.\n\nPriya",
MEC-EM0185,MEC-EM0185,Robert Chen,Accounting Operations,Kevin O'Donnell,Accounting Operations,2026-02-03 13:30:00,FX Rate Table - SGD/USD Rate Discrepancy,"Kevin,\n\nI noticed a small discrepancy in the FX revaluation results. The SGD/USD rate in SAP is 1.3425, but the treasury management system shows 1.3412. The difference is producing about $1.8K of noise in the Singapore entity translation.\n\nCan you check whether the correct rate table was loaded for the SGD pair? The rest of the currencies match.\n\nRobert",
MEC-EM0185-001,MEC-EM0185,Kevin O'Donnell,Accounting Operations,Robert Chen,Accounting Operations,2026-02-03 13:45:00,RE: FX Rate Table - SGD/USD Rate Discrepancy,"Robert,\n\nYou are right. The SGD rate was pulled from the mid-market rate feed instead of the closing bid rate that we use for the other pairs. I have corrected it to 1.3412 and rerun the Singapore revaluation. The $1.8K adjustment is posted.\n\nAll other pairs are confirmed matching.\n\nKevin",
MEC-EM0193,MEC-EM0193,Natalie Greene,Compliance,Mark Feldman|Jasmine Lee,Compliance|Compliance,2026-02-13 11:00:00,Compliance Post-Close Review - January,"Mark, Jasmine,\n\nI have reviewed the January SOX documentation package and Mark's deficiency assessment. A few directives:\n\n1. The C-JE-02 recurrence is the priority. I want the final deficiency classification by 2/20 as planned. If Kevin's remediation holds through February, we can close it as a control deficiency. If it recurs, it moves to significant deficiency and I will brief the audit committee.\n\n2. The threshold mismatch finding (C-JE-05) is a good catch. The retrospective review of the 7 affected entries needs to be complete before the external auditors visit on 2/23.\n\n3. Omar and Kenji: Please confirm that the EMEA and APAC SOX evidence packages are complete and filed by end of this week.\n\nOverall, the January close had more control exceptions than I would like (4 primary + 1 newly identified), but the response and documentation were thorough. I am satisfied with the remediation approach.\n\nNatalie",
MEC-EM0197,MEC-EM0197,Melissa Carter,Payroll & Benefits,Kevin O'Donnell|Steven Price,Accounting Operations|Payroll & Benefits,2026-01-29 15:00:00,Payroll Time Tracking Integration - Recurring Issue,"Kevin,\n\nThe overtime discrepancy Steven flagged in the payroll pre-close validation is confirmed as the same type of system integration issue we saw in November. The time tracking system drops overtime entries that span a pay period boundary when the data crosses the interface to the payroll system.\n\nThis is the second time in three months. Steven's team caught it both times through manual reconciliation, but we cannot rely on manual detection as a permanent control.\n\nCan you prioritize this with IT? I would like a fix in place before the February close if possible. The January impact was $14K, but the risk of a larger miss is real if the manual review ever slips.\n\nMelissa",
MEC-EM0197-001,MEC-EM0197,Kevin O'Donnell,Accounting Operations,Melissa Carter|Steven Price,Payroll & Benefits|Payroll & Benefits,2026-01-29 15:30:00,RE: Payroll Time Tracking Integration - Recurring Issue,"Melissa,\n\nUnderstood. I will escalate to IT today. The issue is likely in the boundary-handling logic of the interface. I will request a targeted fix and have IT include it in the interface remediation work they are already doing for the AP duplicate batch issue.\n\nTarget for fix: March close. I cannot guarantee February given the scope of the interface work already in progress.\n\nKevin",
MEC-EM0225,MEC-EM0225,Mei Lin,Accounting Operations,Robert Chen|James Porter,Accounting Operations|External Reporting,2026-02-03 12:00:00,ASC 842 - Singapore Lease Modification Details,"Robert, James,\n\nDetails on the Singapore office expansion lease modification that was carried over from December:\n\n- Original lease: 5,000 sq ft, SGD 12K/month, 4 years remaining\n- Modification: Added 2,000 sq ft at SGD 5.2K/month for the remaining term\n- Modification date: December 15, 2025\n- Classification: Operating lease (no change from original)\n\nI treated this as a separate lease component since the additional space is priced at a rate consistent with the standalone market rent. Under ASC 842-10-25-8, this qualifies as a separate contract.\n\nThe new ROU asset for the expansion: SGD 230K (present value of the additional payments at 5.2% IBR). Amortization starts January 1. January amortization: SGD 4.8K.\n\nJames, does my treatment align with your read of the modification guidance? The key question is whether the additional space is distinct.\n\nMei Lin",
MEC-EM0225-001,MEC-EM0225,James Porter,External Reporting,Mei Lin|Robert Chen,Accounting Operations|Accounting Operations,2026-02-03 13:30:00,RE: ASC 842 - Singapore Lease Modification Details,"Mei Lin,\n\nYour treatment is correct. The additional 2,000 sq ft is a distinct increment (it can be used independently of the original space) and the pricing is consistent with market rates for comparable space in the same building. This meets the criteria under ASC 842-10-25-8 for a separate contract.\n\nThe 5.2% IBR is reasonable given the Singapore entity's credit profile and current market conditions. Proceed with the entry.\n\nJames",
MEC-EM0231,MEC-EM0231,Jason Miller,Accounting Operations,Robert Chen|Fatima Ali,Accounting Operations|Accounting Operations,2026-02-04 11:30:00,Prepaids Recon - Contract Asset Classification Question,"Robert, Fatima,\n\nDuring the prepaids reconciliation, I noticed that the $85K Orion Analytics contract asset is sitting in the ""Other Current Assets"" line within prepaids. Should this be reclassified to a separate contract asset line on the balance sheet?\n\nThe amount is relatively small, but with the Apex Partners deal and potentially more contracts being recognized ahead of billing, the contract asset population could grow. If we are going to break it out, it is easier to do it now than to reclassify later when the balance is larger.\n\nFatima, how much contract asset activity do you expect going forward?\n\nJason",
MEC-EM0231-001,MEC-EM0231,Fatima Ali,Accounting Operations,Jason Miller|Robert Chen,Accounting Operations|Accounting Operations,2026-02-04 12:00:00,RE: Prepaids Recon - Contract Asset Classification Question,"Jason,\n\nGood question. The Orion Analytics contract asset is $85K this month, but the Apex Partners implementation services will also generate contract assets starting in February (approximately $45K/month for 4 months as revenue is recognized ahead of billing). Within a few months, the contract asset population could be $200K+.\n\nI would recommend breaking it out now. A separate contract asset line will also make the ASC 606 disclosure easier since we need to disclose contract asset and contract liability balances separately.\n\nFatima",
MEC-EM0231-002,MEC-EM0231,Robert Chen,Accounting Operations,Jason Miller|Fatima Ali,Accounting Operations|Accounting Operations,2026-02-04 12:15:00,RE: RE: Prepaids Recon - Contract Asset Classification Question,"Jason, Fatima,\n\nBreak it out. Create a separate ""Contract Assets"" line in current assets. Reclassify the $85K this month. Kevin, when you see this, add the new account to the cash flow mapping so we do not repeat the mapping gap Daniel found.\n\nRobert",
MEC-EM0240,MEC-EM0240,Sarah Kim,Finance,Robert Chen|Lauren Patel,Accounting Operations|Accounting Operations,2026-02-05 15:45:00,Consolidation Eliminations - Validation Notes,"Robert, Lauren,\n\nDetailed validation notes on the IC elimination entries:\n\n1. IC revenue/COGS: $2.84M. Validated against Lauren's IC billing summary. All entity pairs match.\n2. IC receivable/payable: $2.79M. The $50K difference vs. the billing amount is the expected FX timing on unsettled balances. This will wash through translation.\n3. IC profit in inventory: $38K. This is the margin on the Singapore software resale ($115K at a 33% markup). The elimination removes the intercompany profit from the consolidated inventory/COGS.\n4. India bridge mapping residual: $12K. Within tolerance, not eliminated. Consistent with Robert's guidance.\n\nAll entries balance and the consolidation worksheet is clean. No adjustments needed.\n\nSarah",
MEC-EM0251,MEC-EM0251,Diego Alvarez,Tax,Monica Rossi|Karen Wallace,Tax|Tax,2026-02-12 10:00:00,Q1 Estimated Tax Payment - January Actual Impact,"Monica, Karen,\n\nJanuary actuals suggest our Q1 estimated federal tax payment may need to increase slightly. The original estimate was based on annual pretax income of $108M. With January coming in at $9.7M pretax (vs. $9.0M budget), the annualized run rate is $116M.\n\nIf this pace continues through Q1, our estimated payment due April 15 should be approximately $6.1M vs. the $5.7M currently scheduled. The $400K increase is manageable but I wanted to flag it early so treasury can plan.\n\nI will refine the estimate after February close and recommend a final payment amount by mid-March.\n\nDiego",
MEC-EM0253,MEC-EM0253,Amanda Reynolds,Finance,Mark Feldman,Compliance,2026-02-12 14:00:00,SOX Controls - Remediation Accountability,"Mark,\n\nI signed the January sub-certification, but I want to formalize the accountability structure for the open remediation items. Please set up the following:\n\n1. Weekly status updates from Kevin on the three IT-related remediation items (AP interface, SAP change management, billing system date mapping). These should come to me and Elena directly.\n2. The C-JE-02 classification decision (due 2/20): Schedule a 30-minute review with me, you, and Natalie before the final determination.\n3. The JE threshold retrospective review (7 entries, $824K): I want to see the results before the external auditors arrive on 2/23.\n\nI am not willing to go into the audit interim visit with open control questions.\n\nAmanda",
MEC-EM0253-001,MEC-EM0253,Mark Feldman,Compliance,Amanda Reynolds,Finance,2026-02-12 14:30:00,RE: SOX Controls - Remediation Accountability,"Amanda,\n\nAll three items set up:\n\n1. Weekly IT remediation status reports will start Monday 2/16. Kevin has confirmed.\n2. C-JE-02 review meeting: Scheduled for Wednesday 2/18 at 2:00 PM with you, me, and Natalie.\n3. Retrospective review: Jasmine is completing this now. Preliminary results show all 7 entries have adequate business support. No remediation required. I will have the final report on your desk by 2/19.\n\nMark",
MEC-EM0265,MEC-EM0265,Thomas Gallagher,Accounting Operations,Nadia Hassan|Priya Nair,Finance|Finance,2026-02-10 14:00:00,Germany Pipeline Update - Slipped Deals Status,"Nadia, Priya,\n\nUpdate on the two Germany deals that slipped from January:\n\n1. AutoWerk Solutions (EUR 180K annual): Contract is in final legal review. Expected to sign by February 10. Revenue should start in February.\n2. MedTech Innovations (EUR 145K annual): Still in commercial negotiation. The pricing is agreed but they are requesting extended payment terms (90 days net). I am pushing back to our standard 30-day terms. May slip further to March.\n\nIf AutoWerk closes on time, Germany will make up most of the January shortfall in February. MedTech is at risk for the quarter if the payment terms are not resolved.\n\nThomas",
MEC-EM0269,MEC-EM0269,Michael Torres,Finance,David Lawson,Accounts Receivable (AR),2026-02-13 11:00:00,Board Presentation - Customer Credit Section Prep,"David,\n\nAmanda wants you to present the customer credit risk section at the February 20 board meeting. A few guidelines:\n\n- Keep it to 10 minutes maximum\n- Start with the overall portfolio health assessment (the ""45 of 50 are stable"" message is reassuring)\n- Then address the QuantumEdge and NovaTech situations specifically\n- End with the monitoring framework and early warning indicators\n\nThe board will want to know: Is this a pattern? What are we doing to prevent future surprises? How does our reserve methodology work?\n\nPlease send me your draft slides by 2/17 so I can review them before Amanda's final prep session.\n\nMichael",
MEC-EM0269-001,MEC-EM0269,David Lawson,Accounts Receivable (AR),Michael Torres,Finance,2026-02-13 11:30:00,RE: Board Presentation - Customer Credit Section Prep,"Michael,\n\nUnderstood. I will have the draft slides to you by 2/17. I plan to include:\n\n- Portfolio health heatmap (green/yellow/red by segment)\n- QuantumEdge and NovaTech case studies with timeline and actions taken\n- Reserve methodology summary (general provision rate + specific reserve triggers)\n- D&B monitoring dashboard snapshot\n- NovaTech partial payment update (positive development)\n\nI will also prepare backup slides on the SummitWave integration portfolio in case anyone asks about the acquired customer base.\n\nDavid",
MEC-EM0290,MEC-EM0290,Hannah Sinclair,External Reporting,Michael Torres|James Porter,Finance|External Reporting,2026-02-13 14:00:00,Q1 Filing Timeline - January Data Checkpoint,"Michael, James,\n\nWith January data finalized, here is the Q1 10-Q filing timeline:\n\n- January close: Complete (BD10)\n- February close: Expected BD10 (March 13)\n- March close / Q1 close: Expected BD12 (April 17)\n- Draft 10-Q to legal review: April 22\n- Draft 10-Q to audit committee: April 28\n- 10-Q filing deadline: May 11 (45 days after quarter-end)\n\nJanuary data is locked and ready. The January close results will form the foundation for the Q1 filing. Key disclosure items identified so far:\n- India restructuring ($195K January, $80K estimated for remainder of Q1)\n- ClearPath revenue catch-up ($67K, technical accounting memo on file)\n- QuantumEdge reserve ($97.5K, credit risk disclosure)\n\nI will update this tracker monthly as February and March close results come in.\n\nHannah",
MEC-EM0301,MEC-EM0301,Jasmine Lee,Compliance,Omar El-Sayed|Kenji Sato,Compliance|Compliance,2026-02-09 14:00:00,Regional SOX Evidence - Deadline Reminder,"Omar, Kenji,\n\nReminder that all regional SOX evidence packages are due by February 13. I need them filed in the repository before I can finalize the global SOX close package.\n\nOmar, you mentioned two items outstanding for EMEA. Can you confirm these are informational controls and not key controls? If they are key controls, I need the evidence regardless of materiality.\n\nKenji, same question for the APAC items.\n\nJasmine",
MEC-EM0301-001,MEC-EM0301,Omar El-Sayed,Compliance,Jasmine Lee,Compliance,2026-02-09 14:30:00,RE: Regional SOX Evidence - Deadline Reminder,"Jasmine,\n\nConfirmed: both EMEA outstanding items are informational controls (entity-level monitoring and management representation letters). Not key controls. I will have them filed by 2/12.\n\nOmar",
MEC-EM0306,MEC-EM0306,Olivia Chen,Accounts Receivable (AR),David Lawson,Accounts Receivable (AR),2026-01-28 14:00:00,Billing Cutoff Concern - Sales Pushing for Late Additions,"David,\n\nI have received two requests from the VP of Sales Operations to add invoices to the January billing queue after the stated cutoff. Both are for deals that closed yesterday but have not completed the billing setup process:\n\n1. Zenith Analytics: $92K annual subscription, signed 1/27. Customer master not yet created.\n2. Redline Logistics: $45K professional services SOW, signed 1/27. Pricing not configured.\n\nSales ops is arguing that since the contracts were signed before month-end, the revenue belongs in January. My concern is that rushing the billing setup increases the risk of errors, and the revenue recognition timing depends on performance obligation delivery, not contract signing.\n\nDavid",
MEC-EM0306-001,MEC-EM0306,David Lawson,Accounts Receivable (AR),Olivia Chen|Fatima Ali,Accounts Receivable (AR)|Accounting Operations,2026-01-28 14:30:00,RE: Billing Cutoff Concern - Sales Pushing for Late Additions,"Olivia,\n\nHold the line on the billing cutoff. If the billing setup is not complete, the invoices cannot go out in January. That is an operational constraint, not a judgment call.\n\nFatima, the revenue recognition question is separate. For Zenith, if the subscription service started in January, we may be able to recognize revenue through a contract asset (similar to the Orion Analytics treatment). For Redline, professional services revenue depends on when work begins, not when the SOW is signed.\n\nPlease assess both contracts and let me know whether any January revenue recognition is warranted regardless of the billing timing.\n\nDavid",
MEC-EM0306-002,MEC-EM0306,Fatima Ali,Accounting Operations,David Lawson|Olivia Chen,Accounts Receivable (AR)|Accounts Receivable (AR),2026-01-29 9:00:00,RE: RE: Billing Cutoff Concern - Sales Pushing for Late Additions,"David, Olivia,\n\nI reviewed both contracts:\n\n1. Zenith Analytics: Subscription service start date is February 1. No performance obligations were satisfied in January. No January revenue recognition regardless of billing timing.\n2. Redline Logistics: SOW has a kickoff meeting scheduled for February 3. No services delivered in January. No January revenue.\n\nBoth contracts will generate February revenue. Sales ops may be disappointed, but the accounting is clear.\n\nFatima",
MEC-EM0308,MEC-EM0308,Mei Lin,Accounting Operations,Robert Chen,Accounting Operations,2026-01-28 13:00:00,GL Extract Sanity Check - Two Anomalies Found,"Robert,\n\nDuring the preliminary GL extract sanity checks, I found two anomalies:\n\n1. Account 5100-000 (Cost of Revenue - Hardware) has an unusual credit balance of $12K. This is normally a debit account. The credit appears to be a vendor rebate that was posted to the wrong account. It should be in account 5150-000 (Vendor Rebates).\n\n2. Account 7200-000 (Other Income) has a $28K debit that does not match any expected activity. The posting reference indicates it came from the AP system, which is unusual for an income account.\n\nBoth are small individually but the second one concerns me because AP transactions should not be hitting income accounts. I am investigating.\n\nMei Lin",
MEC-EM0308-001,MEC-EM0308,Robert Chen,Accounting Operations,Mei Lin,Accounting Operations,2026-01-28 13:30:00,RE: GL Extract Sanity Check - Two Anomalies Found,"Mei Lin,\n\nGood catches. Correct the vendor rebate misposting (item 1) before BD01. For item 2, trace the AP posting to the source document and determine whether it is a legitimate transaction in the wrong account or an entry that should not exist at all. Loop in Sophia Nguyen from AP if you need help tracing it.\n\nNeither should hold up the pre-close, but I want both resolved before we post the preliminary trial balance.\n\nRobert",
MEC-EM0312,MEC-EM0312,Steven Price,Payroll & Benefits,Robert Chen|Melissa Carter,Accounting Operations|Payroll & Benefits,2026-02-02 11:30:00,VP Sales Bonus Accrual - Journal Entry Routed for Approval,"Robert, Melissa,\n\nThe manual accrual entry for the $175K VP Sales performance incentive has been submitted through the SAP approval workflow. Details:\n\n- Debit: Sales Compensation Expense (CC 3200) - $175K\n- Credit: Accrued Compensation (2100-000) - $175K\n- Support: CRO approval email, January quota attainment report, compensation plan document\n\nThe entry is routed to Robert for approval per the $100K+ threshold. Robert, once you approve, it will post to the GL immediately.\n\nMelissa, the payment timing: I have scheduled an off-cycle payroll run for February 6 to process the actual disbursement. The accrual will reverse when the payment hits.\n\nSteven",
MEC-EM0312-001,MEC-EM0312,Robert Chen,Accounting Operations,Steven Price|Melissa Carter,Payroll & Benefits|Payroll & Benefits,2026-02-02 11:45:00,RE: VP Sales Bonus Accrual - Journal Entry Routed for Approval,"Steven,\n\nApproved. The entry posted at 11:43 AM. The support documentation is thorough.\n\nRobert",
MEC-EM0313,MEC-EM0313,Emily Johnson,Accounting Operations,Robert Chen,Accounting Operations,2026-02-02 12:30:00,Austin Lab Equipment - Asset Class Verification Complete,"Robert,\n\nPer your instruction on BD-2, I double-checked the Austin lab equipment ($185K) asset class assignment before running depreciation:\n\n- Asset class: Lab Equipment (Class 4, 7-year useful life, straight-line)\n- Placed in service date: January 15, 2026\n- January depreciation: $2.2K (half-month convention)\n- Capex approval form reference: CAPEX-2025-0847\n\nThe asset class, useful life, and depreciation method all match the capex approval. No issues.\n\nThis is the verification step I should have done for the Singapore servers as well. I have added a mandatory pre-depreciation asset class check to my fixed asset procedures.\n\nEmily",
MEC-EM0316,MEC-EM0316,Jason Miller,Accounting Operations,Robert Chen,Accounting Operations,2026-02-03 11:30:00,Bank Interest Income - Elevated EMEA Amount,"Robert,\n\nThe interest income on operating accounts ($32K) is $8K higher than the typical $24K monthly run rate. The increase is entirely from the EMEA cash pool.\n\nThe elevated GBP balance (the NorthStar UK prepayment that sat in the cash pool for 10 days before being reclassified to deferred revenue) earned approximately $6K in interest at the UK base rate. The remaining $2K is from higher EUR overnight deposit rates.\n\nThe $6K GBP interest is a real economic gain even though the underlying cash balance was temporary. It is properly recorded in the UK entity's interest income. No adjustment needed, but I wanted to flag the driver since it will not repeat in February once the balance normalizes.\n\nJason",
MEC-EM0317,MEC-EM0317,Christopher Hayes,Accounting Operations,Robert Chen|Melissa Carter,Accounting Operations|Payroll & Benefits,2026-02-03 11:00:00,SBC Forfeiture Assumptions - Quarterly Review Recommendation,"Robert, Melissa,\n\nThe forfeiture file version issue this month was minor ($8K impact), but it exposed a process gap. Currently, HR sends the forfeiture assumption file on an ad hoc basis. There is no scheduled refresh cycle.\n\nI recommend we formalize a quarterly forfeiture review process:\n- HR provides the updated file within 5 business days of quarter-end\n- I validate the assumptions against actual forfeiture experience\n- Any change in the forfeiture rate above 50 basis points triggers a memo to Robert\n\nThe current forfeiture rate is 8.2% (down from 9.1% a year ago as retention improves). If the trend continues, we may want to update the assumption in the next quarterly cycle.\n\nMelissa, does your team have the capacity to commit to a quarterly schedule?\n\nChristopher",
MEC-EM0317-001,MEC-EM0317,Melissa Carter,Payroll & Benefits,Christopher Hayes|Robert Chen,Accounting Operations|Accounting Operations,2026-02-03 11:30:00,RE: SBC Forfeiture Assumptions - Quarterly Review Recommendation,"Christopher,\n\nYes, we can commit to a quarterly schedule. I will have Rachel build the forfeiture data pull into the HR reporting calendar. You will get the file within 5 business days of each quarter-end, starting with Q1 (due by April 7).\n\nThe 8.2% rate makes sense given our current retention numbers. We have been hovering around 88% annual retention for the last two quarters.\n\nMelissa",
MEC-EM0319,MEC-EM0319,Christopher Hayes,Accounting Operations,Robert Chen,Accounting Operations,2026-02-04 13:30:00,Accrued Liabilities - External Audit Fee Estimate Question,"Robert,\n\nThe external audit fee accrual ($125K for January) is based on the engagement letter annual fee prorated monthly. However, I received an email from the audit partner indicating that the 2026 engagement letter is still being finalized and the fee may increase by 8-12% over 2025 due to the India restructuring scope expansion and the acquisition integration testing.\n\nIf the fee increases by 10%, the monthly accrual should be $137.5K instead of $125K. The difference is $12.5K per month, or $150K over the year.\n\nShould I accrue at the current engagement letter rate or at the estimated new rate? The new engagement letter should be signed within 2-3 weeks.\n\nChristopher",
MEC-EM0319-001,MEC-EM0319,Robert Chen,Accounting Operations,Christopher Hayes,Accounting Operations,2026-02-04 13:50:00,RE: Accrued Liabilities - External Audit Fee Estimate Question,"Christopher,\n\nAccrue at the current engagement letter rate ($125K/month) for January. We do not have a signed agreement for the higher amount yet. Once the new engagement letter is executed, we will adjust the monthly accrual prospectively and book a true-up for any difference.\n\nIf the audit partner provides a formal fee proposal before the February close, we can update then. But I am not comfortable accruing based on an informal indication.\n\nRobert",
MEC-EM0323,MEC-EM0323,Mei Lin,Accounting Operations,Robert Chen|Jason Miller,Accounting Operations|Accounting Operations,2026-02-05 12:00:00,Equity Recon - Treasury Stock Reconciliation Detail,"Robert, Jason,\n\nFor the equity reconciliation, I need to confirm the treasury stock activity with Jason:\n\nJason, the bank custodian statement shows 42,100 shares repurchased in January at an average price of $47.51 per share, totaling $2.0M. My GL record shows 42,000 shares at $47.62, also totaling $2.0M.\n\nThe share count differs by 100 shares and the average price differs by $0.11. This is likely a timing difference between the trade date and settlement date for the final batch. Can you confirm the custodian's share count is the definitive figure?\n\nMei Lin",
MEC-EM0323-001,MEC-EM0323,Jason Miller,Accounting Operations,Mei Lin|Robert Chen,Accounting Operations|Accounting Operations,2026-02-05 12:30:00,RE: Equity Recon - Treasury Stock Reconciliation Detail,"Mei Lin,\n\nThe custodian statement is the definitive source. The 42,100 shares at $47.51 is correct. The GL entry was based on the preliminary trade confirmation, which excluded a small batch that settled on January 31.\n\nI have attached the final settlement report. The difference is $4.6K (100 shares at $47.51 less the rounding on the average price). Please adjust the GL to match the custodian statement.\n\nJason",Treasury_Stock_Settlement_Jan2026.pdf
MEC-EM0332,MEC-EM0332,Michael Torres,Finance,Priya Nair|Daniel Brooks,Finance|Finance,2026-02-10 13:00:00,Forecast Bridge - Board Presentation Annotations,"Priya, Daniel,\n\nFor the board presentation, I need the forecast bridge annotated with two additional data points:\n\n1. For each variance item, label it as ""Recurring"" or ""One-time."" Amanda specifically requested this. The board wants to understand the structural operating performance vs. noise.\n\n2. For the revenue favorability (+$1.5M), break it into ""Volume"" and ""Price"" components. We know the SaaS beat is partly price increases and partly higher renewal volume. The board will want to know whether we can sustain the favorability.\n\nPriya, can you and Daniel update the bridge by Thursday? The board package needs to be with Amanda by Friday for weekend review.\n\nMichael",
MEC-EM0332-001,MEC-EM0332,Daniel Brooks,Finance,Michael Torres|Priya Nair,Finance|Finance,2026-02-10 14:00:00,RE: Forecast Bridge - Board Presentation Annotations,"Michael,\n\nAnnotations added:\n\nRevenue favorability breakdown:\n- Price increases on renewals: +$500K (Recurring - price uplift is embedded in contract terms)\n- Higher renewal volume/retention: +$300K (Recurring - Q4 retention improvement carries forward)\n- Professional services timing: +$500K (Partially recurring - TechWave is ongoing, Orion is new)\n- Variable consideration (Pinnacle): +$165K (One-time catch-up, will not repeat)\n- Other: +$35K\n\nExpense variance labels are applied. The one-time items total $525K (restructuring $195K, QuantumEdge reserve $97.5K, benefits catch-up $57K, VP Sales bonus $175K). Structural items total $175K (ongoing benefits rate increase, contractor mix, higher SBC).\n\nDaniel",
MEC-EM0352,MEC-EM0352,Rachel Stein,Payroll & Benefits,Mark Feldman|Melissa Carter,Compliance|Payroll & Benefits,2026-02-03 14:00:00,Year-Start Benefits Rate Control - Draft Description,"Mark, Melissa,\n\nPer Melissa's request, here is the draft control description for the year-start benefits rate validation:\n\nControl: C-BEN-01 - Benefits Rate Annual Validation\n- Objective: Ensure the payroll accrual model uses current-year approved benefit rates\n- Timing: January BD-3 (before any accruals are run)\n- Performer: Benefits Manager\n- Procedure: Compare rates in the accrual model to the HR-approved plan rates effective January 1. Document the comparison and obtain sign-off from the Director of Payroll & Benefits.\n- Evidence: Signed rate comparison worksheet\n\nMark, does this need to be a key SOX control or an operational control? Given that the rate error this month was $57K (approximately 1.5% of monthly benefits expense), it could produce material misstatements if the rates diverge significantly and go undetected for multiple months.\n\nRachel",
MEC-EM0352-001,MEC-EM0352,Mark Feldman,Compliance,Rachel Stein|Melissa Carter,Payroll & Benefits|Payroll & Benefits,2026-02-03 14:30:00,RE: Year-Start Benefits Rate Control - Draft Description,"Rachel,\n\nDesignate it as a key control. The cumulative risk is real. If the rates were wrong for an entire year, the misstatement could exceed $400K. That crosses our materiality threshold.\n\nI will add it to the control matrix and include it in the Q1 SOX testing cycle. The first execution is February BD-3 (retroactive validation of the January correction plus confirmation of February rates).\n\nMark",
MEC-EM0367,MEC-EM0367,Lauren Patel,Accounting Operations,Robert Chen|Jason Miller,Accounting Operations|Accounting Operations,2026-02-03 14:00:00,IC Cash Settlements - FX Gain/Loss on Germany Payment,"Robert, Jason,\n\nThe Germany-to-US IC cash settlement produced a small FX gain. The management fee was invoiced at EUR 420K and the settlement rate on 1/30 was $1.0833/EUR ($455K), but we originally accrued the US-side payable at the January average rate of $1.0785/EUR ($453K).\n\nThe $2K difference is a realized FX loss on the settlement (we paid $2K more than accrued). This goes to the FX gain/loss account (6800-000).\n\nJason, please make sure this is captured in the cash reconciliation. The bank wire shows $455K but the GL had $453K accrued.\n\nLauren",
MEC-EM0367-001,MEC-EM0367,Jason Miller,Accounting Operations,Lauren Patel|Robert Chen,Accounting Operations|Accounting Operations,2026-02-03 14:15:00,RE: IC Cash Settlements - FX Gain/Loss on Germany Payment,"Lauren,\n\nCaptured. The $2K realized FX loss is posted to 6800-000 and reconciles to the bank statement. This is included in Robert's overall FX gain/loss of ($142K) for the month.\n\nJason",
MEC-EM0371,MEC-EM0371,Tyler Jackson,Payroll & Benefits,Steven Price|Melissa Carter,Payroll & Benefits|Payroll & Benefits,2026-02-04 11:00:00,Payroll Clearing - Process Improvement Proposal,"Steven, Melissa,\n\nThe payroll clearing reconciliation ran smoothly this month, but I have a process improvement to suggest.\n\nCurrently, I reconcile the clearing accounts after all three regions (US, EMEA, APAC) have posted. This means I am working late on BD03 waiting for APAC entries. If we shifted the reconciliation to a rolling basis (each region reconciles immediately after posting), I could complete the US and EMEA reconciliations on BD01/BD02 and only need to finalize APAC on BD03.\n\nThis would reduce BD03 workload and give us earlier visibility into any clearing issues.\n\nThe change requires Oliver and Min-Ji to run a quick clearing check after their respective postings and send me the results. I have discussed it informally with both and they are supportive.\n\nTyler",
MEC-EM0371-001,MEC-EM0371,Melissa Carter,Payroll & Benefits,Tyler Jackson|Steven Price,Payroll & Benefits|Payroll & Benefits,2026-02-04 11:30:00,RE: Payroll Clearing - Process Improvement Proposal,"Tyler,\n\nGood idea. Implement it for the February close. Draft a brief procedure for Oliver and Min-Ji that describes what they need to check and what format to send the results in. Keep it simple: a one-line confirmation that the clearing account is at zero (or the amount and reason if it is not).\n\nThis also gives us a natural checkpoint to catch issues like the UK bank holiday timing delay earlier in the process.\n\nMelissa",
MEC-EM0373,MEC-EM0373,John Whitaker,Accounting Operations,Robert Chen,Accounting Operations,2026-02-05 14:00:00,Management Adjustments - Classification Question,"Robert,\n\nReviewing the 6 management adjustments for my BD06 review. Are all 6 classified as top-side adjustments, or are some of them correcting entries that should have been caught by the subledger process?\n\nThe distinction matters because top-side adjustments are expected (management estimates, provisions, technical accounting), while correcting entries indicate a process gap.\n\nJohn",
MEC-EM0373-001,MEC-EM0373,Robert Chen,Accounting Operations,John Whitaker,Accounting Operations,2026-02-05 14:30:00,RE: Management Adjustments - Classification Question,"John,\n\nGood distinction. Here is the classification:\n\nTop-side adjustments (management judgment, expected):\n1. Orion Analytics revenue accrual ($85K) - timing of billing vs. revenue\n2. ClearPath cumulative catch-up ($67K) - technical accounting determination\n3. QuantumEdge bad debt reserve ($97.5K) - credit judgment\n4. Germany labor provision ($97.5K) - legal contingency estimate\n\nCorrecting entries (process gaps):\n5. Benefits rate catch-up ($57K) - should have been caught at year-start\n6. Suspense reclass ($67K) - should have been coded correctly at origination\n\nSo 4 are legitimate top-side adjustments and 2 are corrections. The two corrections are tied to the year-start checklist and coding discipline issues we discussed in the retrospective.\n\nRobert",
MEC-EM0388,MEC-EM0388,Jason Miller,Accounting Operations,Kevin O'Donnell,Accounting Operations,2026-02-04 13:00:00,New GL Account Request - Contract Assets,"Kevin,\n\nPer Robert's direction, I need a new GL account for Contract Assets in current assets. Please set up:\n\n- Account number: 1425-000 (if available, otherwise next sequential)\n- Description: Contract Assets - Current\n- Account type: Asset\n- Normal balance: Debit\n- Sub-ledger link: None (manual posting, not sub-ledger driven)\n\nI will reclassify the $85K Orion Analytics contract asset from Other Current Assets to this new account today.\n\nAlso, please add this account to:\n1. The cash flow mapping (Operating Activities - Changes in Operating Assets)\n2. The TB sanity check list\n3. The GL-to-sub-ledger tie-out exclusion list (since it has no sub-ledger)\n\nJason",
MEC-EM0388-001,MEC-EM0388,Kevin O'Donnell,Accounting Operations,Jason Miller,Accounting Operations,2026-02-04 13:20:00,RE: New GL Account Request - Contract Assets,"Jason,\n\nAccount 1425-000 is set up and active. I have added it to all three lists you mentioned. The cash flow mapping is updated to classify it under Operating Activities. Daniel Brooks has been notified per the new GL account notification process.\n\nYou are clear to reclassify.\n\nKevin",
MEC-EM0403,MEC-EM0403,Mia Foster,External Reporting,Hannah Sinclair,External Reporting,2026-02-11 12:00:00,Non-GAAP Recon - Peer Comparison Context,"Hannah,\n\nFor the earnings release footnotes, I prepared a peer comparison of our non-GAAP adjustments. Our three adjustments (SBC, intangible amortization, restructuring) are consistent with what our peer group discloses:\n\n- 8 of 10 peers exclude SBC\n- 7 of 10 peers exclude acquired intangible amortization\n- 9 of 10 peers exclude restructuring charges\n- 0 of 10 peers exclude bad debt expense (validating James's decision to keep the QuantumEdge reserve in GAAP and non-GAAP)\n- 1 of 10 peers excludes ERP/transformation costs (the outlier, and James correctly blocked our FP&A team's similar request)\n\nOur non-GAAP presentation is conservative and well within peer norms.\n\nMia",
MEC-EM0405,MEC-EM0405,Rachel Stein,Payroll & Benefits,Melissa Carter|Steven Price,Payroll & Benefits|Payroll & Benefits,2026-01-29 11:42:00,Q1 Equity Reconciliation - Termination Mismatch on Senior Director,"Melissa, Steven,\n\nWorking through the RSU/ESPP reconciliation for Q1 close and I have hit a discrepancy I cannot resolve on my own. Workday shows Senior Director Marcus Hoffstadt as terminated effective 12/15/2025. Shareworks has him flagged for full forfeiture of unvested awards (roughly 14,200 RSUs across two grants).\n\nThe issue: when I cross-checked against our equity grant ledger, I noticed Marcus had a non-standard arrangement noted in the prior quarter's working papers. There is a reference to a separation agreement with extended vesting, but I cannot find the underlying document. If standard forfeiture applies, we will reverse approximately $1.8M of SBC that was recognized in Q4 and prior. If extended vesting applies, that reversal is wrong and would materially understate Q1 SBC.\n\nI need confirmation on the actual terms before I can post the reconciliation file. Can someone help me locate the agreement, or point me to whoever has the authoritative copy?\n\nRachel",Q1_Equity_Recon_Draft.xlsx|Hoffstadt_Workday_Termination_Record.pdf
MEC-EM0405-001,MEC-EM0405,Melissa Carter,Payroll & Benefits,Rachel Stein|Steven Price,Payroll & Benefits|Payroll & Benefits,2026-01-29 13:08:00,RE: Q1 Equity Reconciliation - Termination Mismatch on Senior Director,"Rachel,\n\nGood catch. I have a vague recollection of this one. Marcus negotiated continued vesting through a transition period as part of his exit, and the agreement was held by our outside counsel rather than going through the standard HR workflow. That is why Workday shows a clean termination - the system was never told about the carve-out.\n\nI have asked HR to pull the signed agreement from the legal hold folder. Expect it later today. In the meantime, do not post the reconciliation. We need the agreement in hand before we touch the SBC entry.\n\nMelissa",
MEC-EM0405-002,MEC-EM0405,Melissa Carter,Payroll & Benefits,Rachel Stein|Steven Price,Payroll & Benefits|Payroll & Benefits,2026-01-29 16:55:00,RE: RE: Q1 Equity Reconciliation - Termination Mismatch on Senior Director,"Rachel,\n\nHR sent the signed separation agreement (attached, redacted for confidentiality). Page 3, section 4.2: continued vesting through 6/30/2026 on both unvested grants, with quarterly tranche release on the original schedule. So the Shareworks forfeiture flag is wrong, and the correct treatment is to recognize SBC expense as if Marcus were still active through Q2.\n\nGo ahead and override the Shareworks termination flag for the equity calculation only. Document the rationale in the working papers and reference this email thread. Do not change his Workday status.\n\nMelissa",Hoffstadt_Separation_Agreement_Redacted.pdf
MEC-EM0405-003,MEC-EM0405,Rachel Stein,Payroll & Benefits,Melissa Carter|Steven Price,Payroll & Benefits|Payroll & Benefits,2026-01-29 17:30:00,RE: RE: RE: Q1 Equity Reconciliation - Termination Mismatch on Senior Director,"Melissa,\n\nUnderstood. I will override the Shareworks flag, re-run the expensing report, and update the reconciliation file with a note pointing back to this thread and the agreement. Posting the reconciliation tomorrow morning. This will push the Q1 equity recon by about half a day, which I will flag separately to Steven for the payroll accrual JE timing.\n\nRachel",
MEC-EM0406,MEC-EM0406,Rachel Stein,Payroll & Benefits,Andrew Li|Hannah Sinclair,External Reporting|External Reporting,2026-01-30 9:15:00,SBC Treatment Question - Continued Vesting on Negotiated Termination,"Andrew, Hannah,\n\nLooping you in on an SBC accounting question that came out of the Q1 equity recon. Senior Director with negotiated continued vesting through 6/30/2026 (separation agreement signed Q4). Shareworks defaulted to forfeiture; we are overriding to recognize SBC through the modified vesting period.\n\nQuestion: under ASC 718, do you treat this as a Type III modification (improbable to probable) or do we just continue original-grant expense recognition through the new vesting end? My read is the latter since vesting was extended without changing fair value or probability, but I want to confirm before the SBC number lands in the close package.\n\nNo financial statement impact difference for Q1, but the disclosure language for Q2 onward will differ.\n\nRachel",Hoffstadt_Separation_Agreement_Redacted.pdf|Q1_SBC_Calculation_Memo_Draft.docx
MEC-EM0406-001,MEC-EM0406,Andrew Li,External Reporting,Rachel Stein|Hannah Sinclair,Payroll & Benefits|External Reporting,2026-01-30 11:40:00,RE: SBC Treatment Question - Continued Vesting on Negotiated Termination,"Rachel,\n\nAgreed with your read. This is a service-condition modification under ASC 718, but since the fair value at modification date and the probability of vesting both remain consistent with the original terms (extended vesting being a known and committed obligation), it is a Type I scenario - continue recognizing the original grant-date fair value over the new requisite service period.\n\nNo modification charge required. Just continue expensing the unvested portion through 6/30/2026.\n\nFor disclosure: we will need a footnote reference in the 10-Q describing the modification. Hannah and I will draft language. Please send us the final SBC figures once posted.\n\nAndrew",
MEC-EM0406-002,MEC-EM0406,Rachel Stein,Payroll & Benefits,Andrew Li|Hannah Sinclair,External Reporting|External Reporting,2026-01-30 12:10:00,RE: RE: SBC Treatment Question - Continued Vesting on Negotiated Termination,"Andrew,\n\nThanks for the quick turnaround. I will finalize the calculation today and send the SBC figures over tomorrow once the recon is posted. I will reference your treatment guidance in the working paper.\n\nRachel",
MEC-EM0407,MEC-EM0407,Rachel Stein,Payroll & Benefits,Steven Price,Payroll & Benefits,2026-01-30 14:22:00,"Heads Up - Equity Recon Slipping Half a Day, Impact on Payroll Accrual JE","Steven,\n\nQuick heads up: the equity reconciliation is going to land mid-morning tomorrow (BD+3) instead of tonight, because of the Hoffstadt vesting issue I flagged Melissa on yesterday. We needed external reporting sign-off before I could finalize the SBC number, which I just got this morning.\n\nSince the payroll accrual JE depends on the equity recon being final, you will want to plan for posting the JE template to SharePoint by mid-afternoon BD+3 rather than the usual BD+3 morning slot. That still keeps Mei Lin within her BD+4 posting window, but it is tighter than I would like.\n\nIf you want me to pre-populate the wage and tax sections of the JE template now and just plug in the equity numbers tomorrow, I can do that. Let me know.\n\nRachel",
MEC-EM0407-001,MEC-EM0407,Steven Price,Payroll & Benefits,Rachel Stein,Payroll & Benefits,2026-01-30 14:38:00,"RE: Heads Up - Equity Recon Slipping Half a Day, Impact on Payroll Accrual JE","Rachel,\n\nYes, please pre-populate the wage and tax sections now. I would rather have the bulk of the template done and just drop in the equity numbers tomorrow than try to compress everything into a half day. Send it to me when ready and I will review the wage and tax portion this afternoon.\n\nGiving Mei Lin a heads up that the JE template will hit SharePoint slightly later than usual.\n\nSteven",
MEC-EM0408,MEC-EM0408,Mei Lin,Accounting Operations,Nia Osei|Jonathan Whitfield,FP&A|FP&A,2026-02-04 8:55:00,REJECTED - CIO Accruals JE - Retired Cost Centers,"Nia,\n\nPicked up the CIO accrual JE from SharePoint this morning and have to send it back. Three of the line items are coded to cost center 41250 (CIO - Infrastructure Engineering), which was retired on 12/31/2025 as part of the CIO org restructuring. NetSuite will not accept the entry with that cost center, and even if it did, those costs need to land in the new structure (41260 - Platform Engineering, or 41270 - Cloud Operations, depending on the underlying activity).\n\nTotal of $187K across the three lines. The remaining 14 lines on the JE look fine.\n\nCorrect cost center mapping is in the December restructuring memo (in the FP&A SharePoint under CIO_Org_Restructuring_2025). Please update and re-upload. I am holding the rest of the BD+4 posting queue until I can post this one in sequence.\n\nMei",CIO_Accrual_JE_v1_REJECTED.xlsx
MEC-EM0408-001,MEC-EM0408,Nia Osei,FP&A,Mei Lin|Jonathan Whitfield,Accounting Operations|FP&A,2026-02-04 14:20:00,RE: REJECTED - CIO Accruals JE - Retired Cost Centers,"Mei,\n\nApologies on this. I was using the cost center mapping from my standing accrual template and missed the December update. I have pulled the restructuring memo and the corrected mapping is:\n\n- Datacenter colocation accrual ($82K) - move from 41250 to 41270 (Cloud Operations)\n- Network engineering contractor accrual ($61K) - move from 41250 to 41260 (Platform Engineering)\n- Hardware refresh accrual ($44K) - move from 41250 to 41270 (Cloud Operations)\n\nUpdated template attached. Re-uploaded to SharePoint a few minutes ago. I am also updating my standing template so this does not happen again next quarter.\n\nNia",CIO_Accrual_JE_v2_CORRECTED.xlsx
MEC-EM0408-002,MEC-EM0408,Jonathan Whitfield,FP&A,Nia Osei|Mei Lin,FP&A|Accounting Operations,2026-02-04 15:05:00,RE: RE: REJECTED - CIO Accruals JE - Retired Cost Centers,"Nia, Mei,\n\nGood resolution. Nia, please update the cost center crosswalk reference doc and circulate to the broader FP&A team so other accrual preparers do not hit the same issue. Mei, thanks for catching it before it posted.\n\nJonathan",
MEC-EM0409,MEC-EM0409,Robert Chen,Accounting Operations,John Whitaker|Elena Martinez,Accounting|Accounting Operations,2026-02-04 15:42:00,Decision Needed - FX Reval Timing vs CIO Accrual Rework,"John, Elena,\n\nNeed a quick decision. The CIO accrual JE was rejected this morning for retired cost centers (Mei caught it at 8:55 AM). Nia has resubmitted the corrected template, but we are now sitting at 3:40 PM on BD+4 and our scheduled FX revaluation run is supposed to start at 4:00 PM.\n\nTwo options:\n\n1. Hold the FX reval until the CIO accrual posts. Realistic timing: CIO accrual posts by 5:30 PM, FX reval starts around 6:00 PM, wraps overnight. This pushes my BD+5 sequence by roughly half a day and tightens the GL recon review window.\n\n2. Run FX reval at 4:00 PM as scheduled and post the CIO accrual into the open period as a same-day correction afterward. Reval finishes on time, but the CIO accrual amounts will not be reflected in the FX-revalued balances until the manual correction posts. The audit trail will show a post-reval correction, which I want to flag before doing it.\n\nAmount on the CIO accrual is $187K, all USD-denominated, so the FX impact of the timing difference itself is zero. The concern is purely the audit trail and the fact that the standard close sequence shows CIO accrual posting before FX reval.\n\nMy recommendation is option 2 - run reval on schedule, post the correction with a clear documentation trail. But I want your call on this given the audit-trail visibility.\n\nRobert",
MEC-EM0409-001,MEC-EM0409,John Whitaker,Accounting,Robert Chen|Elena Martinez,Accounting Operations|Accounting Operations,2026-02-04 16:08:00,RE: Decision Needed - FX Reval Timing vs CIO Accrual Rework,"Robert,\n\nGo with option 2. Run the FX reval on schedule. Post the CIO correction afterward with a memo on the JE noting (a) the original rejection on 2/4 morning, (b) the resubmission timing, and (c) the rationale for posting after FX reval given the entry is USD-denominated and creates no FX impact.\n\nLoop Mark Feldman in on the SOX evidence side - he should know we deviated from the standard sequence and have the documentation ready in case audit asks.\n\nDo not let this become a habit. If we see another JE rejection cause cascade pressure on FX reval next quarter, we need to revisit the BD+4 packing.\n\nJohn",
MEC-EM0409-002,MEC-EM0409,Robert Chen,Accounting Operations,John Whitaker|Elena Martinez|Mark Feldman,Accounting|Accounting Operations|Compliance,2026-02-04 16:25:00,RE: RE: Decision Needed - FX Reval Timing vs CIO Accrual Rework,"John,\n\nUnderstood. Adding Mark on this thread for SOX awareness. FX reval kicks off at 4:00 PM as scheduled. CIO accrual will post tonight once Mei completes validation, with a memo on the JE per your guidance. Documentation will be filed in the close working papers folder under Q1_BD4_Sequence_Exception.\n\nElena, please flag in tomorrow's stand-up that we want to review BD+4 packing for next quarter.\n\nRobert",
MEC-EM0410,MEC-EM0410,Marcus Delacroix,Revenue,Rebecca Goldstein|Gregory Sullivan|John Whitaker,Revenue|Revenue|Accounting,2026-02-02 16:30:00,Late Contracts from Legal - Rev Rec Engine Timing at Risk,"Rebecca, Gregory, John,\n\nLegal forwarded a batch of late-signed contracts at 3:15 PM today. Two are large enterprise deals - Northstar Industries ($4.2M ACV) and Calderon Group ($3.8M ACV) - both with non-standard ramp clauses I have not seen before:\n\n- Northstar: phased go-live across 4 quarters with revenue recognition triggers tied to specific milestone acceptances (signed by their CIO).\n- Calderon: deferred go-live (May 1) with retroactive billing back to contract signing date once go-live confirmed.\n\nBoth need contract modeling in NetSuite before the rev rec engine can run cleanly. My team estimates 1.5 to 2 days of work to get the modeling correct - including a discussion with Legal on the Calderon clause language. That puts us at risk of missing the BD+4 rev rec engine slot, and would cascade into the rest of the close.\n\nOption I want to propose: run the rev rec engine on schedule using a documented estimate for these two contracts based on our current best read of the terms. True up next quarter once modeling is complete and Legal has signed off. Combined Q1 revenue impact of the estimate vs final modeling is unlikely to exceed $400K based on a quick read - well below our quarterly materiality threshold.\n\nNeed your call on this by tomorrow morning so I can plan the BD+1 NetSuite cleanup queue accordingly.\n\nMarcus",Northstar_Contract_Summary.pdf|Calderon_Contract_Summary.pdf
MEC-EM0410-001,MEC-EM0410,Rebecca Goldstein,Revenue,Marcus Delacroix|Gregory Sullivan|John Whitaker,Revenue|Revenue|Accounting,2026-02-02 17:15:00,RE: Late Contracts from Legal - Rev Rec Engine Timing at Risk,"Marcus,\n\nI agree with the estimate-and-true-up approach in principle, but I want to push back on the materiality framing. $400K is below quarterly materiality, but if both contracts end up on the high side of our estimate range, we could be closer to $700K combined. That is still below threshold but it is not a comfortable margin.\n\nProposing two refinements:\n\n1. Use a deliberately conservative estimate (lower bound of revenue recognition for both deals) so any true-up next quarter is positive rather than negative. A negative true-up would be much harder to explain to the audit committee.\n\n2. Get Legal sign-off on our reading of the Calderon retroactive billing clause before we lock the estimate. If they read it differently than we do, the estimate range changes.\n\nIf John concurs, I would proceed on that basis.\n\nRebecca",
MEC-EM0410-002,MEC-EM0410,John Whitaker,Accounting,Marcus Delacroix|Rebecca Goldstein|Gregory Sullivan,Revenue|Revenue|Revenue,2026-02-03 7:45:00,RE: RE: Late Contracts from Legal - Rev Rec Engine Timing at Risk,"Marcus, Rebecca,\n\nApproved on the estimate-and-true-up approach with Rebecca's two conditions. Specifically:\n\n1. Use the conservative (lower bound) revenue estimate for both contracts. Document the lower-bound assumption explicitly so the true-up direction is known up front.\n\n2. Get a written read from Legal on the Calderon retroactive billing clause before the estimate is finalized. If their interpretation diverges from ours, we revisit before the rev rec run.\n\nDecision memo for the working papers should cover: contracts flagged, materiality assessment, estimate methodology, sign-offs, and the commitment to true up in Q2. I want to see the memo before Marcus runs the engine.\n\nFor reporting: Andrew Li and Hannah Sinclair need to know about this for the 10-Q estimate disclosure language. Loop them in once the memo is drafted.\n\nJohn",
MEC-EM0410-003,MEC-EM0410,Marcus Delacroix,Revenue,John Whitaker|Rebecca Goldstein|Gregory Sullivan,Accounting|Revenue|Revenue,2026-02-03 8:50:00,RE: RE: RE: Late Contracts from Legal - Rev Rec Engine Timing at Risk,"John, Rebecca,\n\nUnderstood. Plan of record:\n\n- Today (BD+1): I draft the decision memo, send Legal the Calderon clause for written interpretation, build the conservative-bound estimate models for both contracts.\n- Tomorrow (BD+2): Confirm Legal interpretation, finalize estimates, circulate memo for sign-off, flag the two contracts as known exceptions in the NetSuite error queue (so they do not block the rev rec run).\n- BD+4: Run the rev rec engine on schedule with the estimates baked in.\n- Q2: True up once both contracts are properly modeled.\n\nAndrew and Hannah will be looped in once the memo is in draft.\n\nMarcus",
MEC-EM0411,MEC-EM0411,Marcus Delacroix,Revenue,Fatima Ali,Accounting Operations,2026-02-03 14:18:00,Two Contracts Flagged as Known Exceptions in Rev Rec Error Queue,"Fatima,\n\nFollow-up on the late contracts I mentioned in our stand-up this morning. Northstar Industries (contract ID NS-2026-0142) and Calderon Group (CG-2026-0089) are going to show in the NetSuite error queue when I run my BD+1 cleanup pass. Do not clear them - they are intentional, flagged as known exceptions pending the estimate-and-true-up approach John approved this morning.\n\nWhen I send the error-queue-clean confirmation email at end of BD+1, I will explicitly call out these two contracts and reference the decision memo (in draft, will be in the working papers folder by tomorrow EOD). The rev rec engine will pick up the estimated revenue amounts I am loading via a manual journal, not the system-calculated amounts that would otherwise come from contract modeling.\n\nLet me know if you see anything in the queue I should be aware of.\n\nMarcus",
MEC-EM0411-001,MEC-EM0411,Fatima Ali,Accounting Operations,Marcus Delacroix,Revenue,2026-02-03 14:35:00,RE: Two Contracts Flagged as Known Exceptions in Rev Rec Error Queue,"Marcus,\n\nNoted. I will leave NS-2026-0142 and CG-2026-0089 alone in the error queue and will not flag them in my own checklist when I review your clean confirmation. Will wait for your explicit call-out in the BD+1 confirmation email.\n\nOne thing: when you load the estimated amounts via manual journal, please tag them with a distinct memo line (something like Q1_ESTIMATE_NS_CALDERON) so I can track them against the Q2 true-up when it comes through. Otherwise the Q2 reversal will be hard to reconcile.\n\nFatima",
GEN-EM0007,GEN-EM0007,Mark Feldman,Compliance,Jasmine Lee|Natalie Greene,Compliance|Compliance,01/28/2026 11:00,Interview Panel - SOX Analyst Candidates Next Week,"Jasmine, Natalie,

We have three candidates scheduled for the SOX Analyst role next week:

- Monday 2/2 at 10:00 AM: Sarah Mitchell (Big 4 audit background, 3 years)
- Tuesday 2/3 at 2:00 PM: Ryan Cooper (industry SOX experience, 5 years)
- Wednesday 2/4 at 11:00 AM: Diana Reyes (consulting background, SOX implementations)

Jasmine, you are on the panel for all three. Natalie, I have you for the final 30 minutes of each session.

I will send the resumes and interview guides separately. Alexandra Ruiz will be the peer interviewer.

Mark",
GEN-EM0008,GEN-EM0008,Jasmine Lee,Compliance,Mark Feldman,Compliance,02/04/2026 16:00,SOX Analyst Interviews - My Rankings,"Mark,

Here are my rankings after all three interviews:

1. Ryan Cooper: Best overall. His industry SOX experience means minimal ramp-up time. He understood our control framework questions immediately and gave practical examples of deficiency remediation. He also has SAP experience.

2. Diana Reyes: Strong technical skills from the consulting side, but she has never been an in-house control owner. She would need more mentoring. Good long-term potential.

3. Sarah Mitchell: Solid audit fundamentals but her experience is all external audit. She struggled with the operational questions about working with business process owners.

My recommendation: extend an offer to Ryan. If he declines, Diana is a viable second choice.

Jasmine",
GEN-EM0008-001,GEN-EM0008,Mark Feldman,Compliance,Jasmine Lee,Compliance,02/04/2026 16:30,RE: SOX Analyst Interviews - My Rankings,"Jasmine,

Agreed on Ryan. Alexandra ranked him first as well. I will check with Natalie and if she concurs, I will have HR extend the offer this week.

Mark",
GEN-EM0009,GEN-EM0009,Karen Wallace,Tax,Diego Alvarez|Monica Rossi,Tax|Tax,01/19/2026 9:00,Tax Planning Meeting - Pushed to Next Tuesday,"Diego, Monica,

The quarterly tax planning meeting originally scheduled for this Tuesday (1/20) needs to be pushed to next Tuesday (1/27). Our external tax advisor from Deloitte had a scheduling conflict. He has confirmed 1/27 at 2:00 PM ET.

Same agenda: 2026 ETR projections, state nexus updates, and the OECD Pillar Two impact assessment. Please have your materials ready by Monday.

Karen",
GEN-EM0010,GEN-EM0010,Priya Nair,Finance,Daniel Brooks|Sarah Kim,Finance|Finance,02/14/2026 8:00,Weekly Finance Sync - Cancelled This Week,"Daniel, Sarah,

Cancelling this week's Friday finance sync. With the close retrospective yesterday and the board package finalized, there is nothing that cannot wait until next week. Take the hour back.

We will resume the regular cadence next Friday (2/21). Agenda will include February close preparation and the rolling forecast review.

Priya",
GEN-EM0011,GEN-EM0011,Amanda Reynolds,Finance,Michael Torres|John Whitaker,Finance|Accounting Operations,02/12/2026 16:00,Board Pre-Brief - Moved to Thursday 2/19 at 3 PM,"Michael, John,

Moving the board pre-brief from Wednesday 2/18 at 10 AM to Thursday 2/19 at 3 PM. I have a conflict with an investor call on Wednesday morning.

The agenda is unchanged: walk through the board package, rehearse the credit risk presentation with David, and review the SOX controls section.

Please confirm you can make the new time.

Amanda",
GEN-EM0011-001,GEN-EM0011,Michael Torres,Finance,Amanda Reynolds,Finance,02/12/2026 16:10,RE: Board Pre-Brief - Moved to Thursday 2/19 at 3 PM,"Amanda,

Confirmed. I will let David know as well.

Michael",
GEN-EM0012,GEN-EM0012,Robert Chen,Accounting Operations,Elena Martinez,Accounting Operations,02/19/2026 9:00,Audit Alignment Call - Confirmed for 2 PM Today,"Elena,

The pre-visit alignment call with the external audit team is confirmed for 2:00 PM today. The audit manager, senior, and IT specialist will be on the call.

I have the agenda distributed. Fatima, James, Mark, Jasmine, David, Monica, and Karen are all confirmed to join for their respective sections.

Robert",